ID,strain_y
2,0
200,0.005520878
350,0.013806179
545,0.021970396
